feature,max_abs_corr_top,most_correlated_with,mean_abs_corr_top
dollar_volume_ratio_252d,0.9291945119109326,dollar_volume_zscore,0.2251308889257797
atr_percentile_rank,0.7396482892723907,atr_regime_high,0.21690502431871175
price_position_50d,0.21084436089472816,high_close_ratio,0.12802374054874252
sustained_volume_burst_count,0.39703784239240103,Volume%,0.11307541077161315
volume_spike_ratio,0.9309097183280509,Volume%,0.21818473696683846
